{
  "results": [
    {
      "command": "echo \"Testing in DashTerm2\" && yes | head -500000 > /dev/null",
      "mean": 0.02615763998,
      "stddev": 0.003392001470395509,
      "median": 0.024366148380000004,
      "user": 0.01911046,
      "system": 0.0006708079999999995,
      "min": 0.023261856380000005,
      "max": 0.030172898380000004,
      "times": [
        0.030172898380000004,
        0.02950027338,
        0.024366148380000004,
        0.023261856380000005,
        0.023487023380000003
      ],
      "exit_codes": [
        0,
        0,
        0,
        0,
        0
      ]
    }
  ]
}
